,Mkt-RF,SMB,HML,RF
Mkt-RF,1.0,0.2972070866134387,0.032377224384789294,0.002079690695055316
SMB,0.2972070866134387,1.0,0.11405220764338837,-0.11028390017032802
HML,0.032377224384789294,0.11405220764338837,1.0,-0.08668431417604737
RF,0.002079690695055316,-0.11028390017032802,-0.08668431417604737,1.0
