指标,个别回归平均,Pooled回归,差异
Alpha,0.013274573583584377,-0.12353886476270745,-0.13681343834629184
Beta_MKT,0.9970623761783579,0.9957578738107082,-0.0013045023676496736
Beta_SMB,-0.0056283067119345005,0.0007433065472252226,0.006371613259159723
Beta_HML,-0.0020597859453678822,0.0010541593491753681,0.0031139452945432504
R²,0.9324371788443793,0.6054640685148628,-0.3269731103295165
